{"accuracy": 0.7726666666666666, "precision": 0.7876462856486279, "recall": 0.80173564753004, "f1": 0.7941306538534371, "report": "                 precision    recall  f1-score   support\n\n      1-RAPPORT       0.86      0.87      0.87       755\n    2-NEGOTIATE       0.83      0.86      0.84       300\n      3-EMOTION       0.73      0.74      0.73       225\n        4-LOGIC       0.38      0.35      0.36        77\n    5-AUTHORITY       0.65      0.78      0.71        77\n8-NO-PERSUASION       0.56      0.47      0.51        64\n\n      micro avg       0.79      0.80      0.80      1498\n      macro avg       0.67      0.68      0.67      1498\n   weighted avg       0.79      0.80      0.79      1498\n    samples avg       0.80      0.80      0.79      1498\n"}