{"accuracy": 0.7486666666666667, "precision": 0.7732418665273224, "recall": 0.7734843437708194, "f1": 0.7714073674163553, "report": "                 precision    recall  f1-score   support\n\n      1-RAPPORT       0.86      0.84      0.85       755\n    2-NEGOTIATE       0.78      0.86      0.82       300\n      3-EMOTION       0.70      0.73      0.71       225\n        4-LOGIC       0.32      0.22      0.26        77\n    5-AUTHORITY       0.72      0.70      0.71        77\n       6-SOCIAL       1.00      0.00      0.00         3\n     7-PRESSURE       1.00      1.00      1.00         0\n8-NO-PERSUASION       0.54      0.53      0.54        64\n\n      micro avg       0.78      0.77      0.78      1501\n      macro avg       0.74      0.61      0.61      1501\n   weighted avg       0.77      0.77      0.77      1501\n    samples avg       0.79      0.77      0.77      1501\n"}