{"accuracy": 0.75, "precision": 0.7735547835623137, "recall": 0.7777036048064085, "f1": 0.7736897330254325, "report": "                 precision    recall  f1-score   support\n\n      1-RAPPORT       0.85      0.85      0.85       755\n    2-NEGOTIATE       0.87      0.82      0.84       300\n      3-EMOTION       0.67      0.77      0.71       225\n        4-LOGIC       0.30      0.17      0.22        77\n    5-AUTHORITY       0.67      0.78      0.72        77\n8-NO-PERSUASION       0.47      0.50      0.48        64\n\n      micro avg       0.78      0.78      0.78      1498\n      macro avg       0.64      0.65      0.64      1498\n   weighted avg       0.77      0.78      0.77      1498\n    samples avg       0.79      0.78      0.77      1498\n"}