{"accuracy": 0.78, "precision": 0.7923150650677885, "recall": 0.7957276368491322, "f1": 0.7924746411111543, "report": "                 precision    recall  f1-score   support\n\n      1-RAPPORT       0.87      0.87      0.87       755\n    2-NEGOTIATE       0.86      0.83      0.85       300\n      3-EMOTION       0.67      0.80      0.73       225\n        4-LOGIC       0.35      0.25      0.29        77\n    5-AUTHORITY       0.68      0.71      0.70        77\n8-NO-PERSUASION       0.60      0.52      0.55        64\n\n      micro avg       0.80      0.80      0.80      1498\n      macro avg       0.67      0.66      0.66      1498\n   weighted avg       0.79      0.80      0.79      1498\n    samples avg       0.80      0.80      0.79      1498\n"}