{"accuracy": 0.7326666666666667, "precision": 0.7699895329379894, "recall": 0.7548301132578281, "f1": 0.7608214918355491, "report": "                 precision    recall  f1-score   support\n\n      1-RAPPORT       0.86      0.82      0.84       755\n    2-NEGOTIATE       0.85      0.80      0.83       300\n      3-EMOTION       0.63      0.73      0.67       225\n        4-LOGIC       0.27      0.36      0.31        77\n    5-AUTHORITY       0.77      0.66      0.71        77\n       6-SOCIAL       0.50      0.33      0.40         3\n     7-PRESSURE       1.00      1.00      1.00         0\n8-NO-PERSUASION       0.46      0.48      0.47        64\n\n      micro avg       0.75      0.75      0.75      1501\n      macro avg       0.67      0.65      0.65      1501\n   weighted avg       0.77      0.75      0.76      1501\n    samples avg       0.77      0.76      0.75      1501\n"}