{"accuracy": 0.738, "precision": 0.7690339217753883, "recall": 0.760347129506008, "f1": 0.7641000570462483, "report": "                 precision    recall  f1-score   support\n\n      1-RAPPORT       0.87      0.83      0.85       755\n    2-NEGOTIATE       0.80      0.85      0.82       300\n      3-EMOTION       0.67      0.68      0.68       225\n        4-LOGIC       0.24      0.29      0.26        77\n    5-AUTHORITY       0.68      0.68      0.68        77\n8-NO-PERSUASION       0.53      0.48      0.51        64\n\n      micro avg       0.76      0.76      0.76      1498\n      macro avg       0.63      0.63      0.63      1498\n   weighted avg       0.77      0.76      0.76      1498\n    samples avg       0.77      0.76      0.75      1498\n"}